Filename,Date
deleted_items_382%2E,04-04-2001 16.36
deleted_items_381%2E,04-04-2001 16.38
deleted_items_380%2E,05-04-2001 12.57
deleted_items_379%2E,05-04-2001 14.22
deleted_items_378%2E,13-04-2001 13.28
deleted_items_377%2E,20-04-2001 15.14
deleted_items_376%2E,24-04-2001 13.15
deleted_items_375%2E,27-04-2001 22.06
settlements_issue_4%2E,01-05-2001 16.00
task_12%2E,02-05-2001 1.28
task_13%2E,02-05-2001 1.28
task_1%2E,02-05-2001 1.28
calender_11%2E,02-05-2001 1.29
calender_10%2E,02-05-2001 1.29
deleted_items_374%2E,22-05-2001 7.18
keep_all_e_mail_1%2E,07-06-2001 20.04
deleted_items_373%2E,13-06-2001 9.05
deleted_items_372%2E,13-06-2001 10.08
deleted_items_371%2E,15-06-2001 6.37
deleted_items_370%2E,18-06-2001 7.31
deleted_items_369%2E,18-06-2001 16.52
deleted_items_368%2E,19-06-2001 11.06
deleted_items_367%2E,19-06-2001 11.10
deleted_items_366%2E,19-06-2001 11.11
deleted_items_365%2E,23-06-2001 11.04
deleted_items_364%2E,25-06-2001 12.32
deleted_items_363%2E,25-06-2001 13.46
deleted_items_362%2E,26-06-2001 8.59
deleted_items_361%2E,26-06-2001 12.07
deleted_items_360%2E,27-06-2001 4.59
deleted_items_359%2E,27-06-2001 6.32
deleted_items_358%2E,27-06-2001 7.14
deleted_items_357%2E,27-06-2001 7.25
deleted_items_356%2E,29-06-2001 8.17
deleted_items_355%2E,02-07-2001 22.10
stuff_19%2E,03-07-2001 14.19
deleted_items_354%2E,05-07-2001 7.21
calender_9%2E,05-07-2001 13.06
deleted_items_353%2E,09-07-2001 10.40
deleted_items_352%2E,09-07-2001 10.52
deleted_items_351%2E,09-07-2001 10.58
deleted_items_350%2E,09-07-2001 11.00
deleted_items_349%2E,09-07-2001 11.20
deleted_items_348%2E,09-07-2001 11.28
deleted_items_347%2E,09-07-2001 11.33
deleted_items_346%2E,09-07-2001 11.37
deleted_items_345%2E,09-07-2001 12.00
deleted_items_344%2E,09-07-2001 12.29
deleted_items_343%2E,10-07-2001 10.18
stuff_18%2E,10-07-2001 14.28
deleted_items_342%2E,11-07-2001 11.18
deleted_items_341%2E,12-07-2001 4.42
deleted_items_340%2E,12-07-2001 12.17
deleted_items_339%2E,13-07-2001 9.12
deleted_items_338%2E,13-07-2001 9.36
deleted_items_337%2E,13-07-2001 11.01
deleted_items_336%2E,13-07-2001 11.05
deleted_items_335%2E,13-07-2001 12.22
deleted_items_334%2E,13-07-2001 12.58
deleted_items_333%2E,13-07-2001 14.27
deleted_items_332%2E,13-07-2001 15.15
deleted_items_331%2E,17-07-2001 7.05
deleted_items_330%2E,17-07-2001 8.30
deleted_items_329%2E,17-07-2001 9.03
deleted_items_328%2E,17-07-2001 10.25
settlements_issue_3%2E,17-07-2001 11.35
deleted_items_327%2E,17-07-2001 11.37
stuff_17%2E,17-07-2001 16.36
stuff_16%2E,17-07-2001 17.44
deleted_items_326%2E,18-07-2001 5.53
deleted_items_325%2E,18-07-2001 9.01
deleted_items_324%2E,18-07-2001 9.50
deleted_items_323%2E,18-07-2001 14.07
deleted_items_322%2E,19-07-2001 12.23
deleted_items_321%2E,19-07-2001 14.01
stuff_15%2E,20-07-2001 10.41
deleted_items_320%2E,23-07-2001 5.13
deleted_items_319%2E,23-07-2001 9.01
deleted_items_318%2E,24-07-2001 9.26
travel_4%2E,24-07-2001 9.33
deleted_items_317%2E,24-07-2001 11.19
stuff_14%2E,24-07-2001 14.45
deleted_items_316%2E,25-07-2001 8.34
deleted_items_315%2E,25-07-2001 9.45
deleted_items_314%2E,25-07-2001 11.01
deleted_items_313%2E,25-07-2001 11.30
travel_3%2E,27-07-2001 7.46
calender_8%2E,27-07-2001 10.19
calender_7%2E,27-07-2001 10.19
deleted_items_312%2E,27-07-2001 11.24
deleted_items_311%2E,31-07-2001 7.06
deleted_items_310%2E,31-07-2001 8.39
scheduling_29%2E,01-08-2001 7.55
travel_2%2E,01-08-2001 9.01
scheduling_28%2E,01-08-2001 11.51
scheduling_27%2E,01-08-2001 13.43
calender_6%2E,02-08-2001 12.04
deleted_items_309%2E,03-08-2001 7.09
deleted_items_308%2E,03-08-2001 9.17
deleted_items_307%2E,03-08-2001 13.50
scheduling_26%2E,03-08-2001 14.02
scheduling_25%2E,03-08-2001 14.22
deleted_items_306%2E,03-08-2001 17.42
scheduling_24%2E,06-08-2001 7.09
scheduling_23%2E,06-08-2001 11.09
scheduling_22%2E,06-08-2001 15.12
scheduling_21%2E,06-08-2001 15.37
scheduling_20%2E,07-08-2001 10.00
settlements_issue_2%2E,08-08-2001 8.54
scheduling_19%2E,08-08-2001 8.55
scheduling_18%2E,10-08-2001 9.03
scheduling_17%2E,10-08-2001 17.32
stuff_13%2E,12-08-2001 17.23
deleted_items_305%2E,13-08-2001 7.10
deleted_items_304%2E,13-08-2001 13.20
deleted_items_303%2E,13-08-2001 13.44
deleted_items_302%2E,13-08-2001 13.53
travel_1%2E,13-08-2001 14.26
scheduling_16%2E,14-08-2001 6.02
deleted_items_301%2E,14-08-2001 6.51
deleted_items_300%2E,14-08-2001 7.14
deleted_items_299%2E,14-08-2001 7.23
deleted_items_298%2E,14-08-2001 7.44
deleted_items_297%2E,14-08-2001 8.56
scheduling_15%2E,14-08-2001 12.15
scheduling_14%2E,14-08-2001 12.37
scheduling_13%2E,14-08-2001 13.52
deleted_items_296%2E,14-08-2001 14.01
deleted_items_295%2E,16-08-2001 10.47
stuff_12%2E,21-08-2001 8.42
scheduling_12%2E,21-08-2001 13.24
deleted_items_294%2E,23-08-2001 12.05
deleted_items_293%2E,24-08-2001 13.58
scheduling_11%2E,27-08-2001 9.11
stuff_11%2E,28-08-2001 3.09
deleted_items_292%2E,29-08-2001 6.02
deleted_items_291%2E,29-08-2001 8.15
scheduling_10%2E,29-08-2001 8.57
renewable_power_1%2E,29-08-2001 12.32
deleted_items_290%2E,05-09-2001 13.11
deleted_items_289%2E,06-09-2001 7.29
deleted_items_288%2E,06-09-2001 8.44
contacts_1%2E,06-09-2001 8.59
deleted_items_287%2E,06-09-2001 11.03
deleted_items_286%2E,07-09-2001 7.20
scheduling_9%2E,07-09-2001 16.10
deleted_items_285%2E,10-09-2001 10.01
deleted_items_284%2E,10-09-2001 11.55
deleted_items_283%2E,10-09-2001 12.04
calender_5%2E,10-09-2001 16.36
stuff_10%2E,11-09-2001 7.24
stuff_9%2E,12-09-2001 9.41
stuff_8%2E,12-09-2001 17.49
stuff_7%2E,12-09-2001 21.44
stuff_6%2E,19-09-2001 15.15
deleted_items_282%2E,20-09-2001 15.26
deleted_items_281%2E,24-09-2001 8.25
deleted_items_280%2E,25-09-2001 6.20
deleted_items_279%2E,25-09-2001 6.32
scheduling_8%2E,25-09-2001 9.54
scheduling_7%2E,25-09-2001 16.35
deleted_items_278%2E,27-09-2001 7.34
scheduling_6%2E,27-09-2001 11.10
scheduling_5%2E,27-09-2001 14.57
stuff_5%2E,01-10-2001 17.12
stuff_4%2E,10-10-2001 7.55
scheduling_4%2E,10-10-2001 10.10
scheduling_3%2E,11-10-2001 13.25
calender_4%2E,22-10-2001 7.38
calender_3%2E,25-10-2001 15.53
scheduling_2%2E,26-10-2001 13.06
calender_2%2E,30-10-2001 12.21
stuff_3%2E,02-11-2001 12.20
scheduling_1%2E,06-11-2001 14.30
deleted_items_277%2E,07-11-2001 6.50
stuff_2%2E,07-11-2001 14.22
sent_items_271%2E,08-11-2001 13.54
sent_items_269%2E,09-11-2001 6.36
sent_items_268%2E,09-11-2001 8.41
sent_items_266%2E,09-11-2001 11.10
sent_items_265%2E,09-11-2001 11.15
sent_items_264%2E,09-11-2001 11.16
sent_items_263%2E,09-11-2001 11.18
sent_items_262%2E,09-11-2001 12.09
sent_items_261%2E,09-11-2001 12.39
sent_items_260%2E,09-11-2001 15.58
sent_items_259%2E,09-11-2001 16.52
sent_items_258%2E,13-11-2001 8.57
sent_items_257%2E,13-11-2001 10.39
sent_items_256%2E,13-11-2001 11.09
sent_items_255%2E,13-11-2001 11.12
sent_items_254%2E,13-11-2001 15.53
sent_items_253%2E,13-11-2001 16.38
sent_items_251%2E,13-11-2001 16.51
sent_items_250%2E,14-11-2001 10.32
sent_items_249%2E,14-11-2001 14.49
sent_items_248%2E,14-11-2001 15.27
sent_items_247%2E,14-11-2001 15.28
sent_items_246%2E,14-11-2001 15.31
sent_items_245%2E,15-11-2001 6.42
sent_items_244%2E,15-11-2001 6.45
sent_items_243%2E,15-11-2001 6.59
sent_items_242%2E,15-11-2001 9.20
sent_items_241%2E,15-11-2001 10.00
sent_items_240%2E,15-11-2001 10.24
sent_items_239%2E,15-11-2001 10.26
sent_items_238%2E,15-11-2001 12.27
sent_items_237%2E,15-11-2001 14.07
sent_items_236%2E,15-11-2001 14.09
sent_items_235%2E,15-11-2001 15.30
sent_items_234%2E,15-11-2001 15.35
sent_items_233%2E,15-11-2001 15.38
sent_items_232%2E,15-11-2001 15.40
sent_items_231%2E,15-11-2001 16.03
sent_items_230%2E,15-11-2001 17.25
sent_items_229%2E,15-11-2001 17.37
sent_items_228%2E,16-11-2001 6.47
sent_items_227%2E,16-11-2001 6.54
sent_items_226%2E,16-11-2001 7.02
sent_items_225%2E,16-11-2001 9.29
sent_items_224%2E,16-11-2001 9.33
sent_items_222%2E,16-11-2001 15.16
sent_items_221%2E,16-11-2001 15.44
sent_items_220%2E,16-11-2001 16.37
sent_items_219%2E,19-11-2001 8.39
sent_items_218%2E,19-11-2001 8.40
sent_items_217%2E,19-11-2001 9.16
sent_items_216%2E,19-11-2001 9.39
sent_items_215%2E,19-11-2001 9.42
sent_items_214%2E,19-11-2001 10.37
sent_items_213%2E,19-11-2001 12.21
sent_items_212%2E,19-11-2001 12.54
sent_items_211%2E,19-11-2001 15.06
sent_items_210%2E,19-11-2001 16.38
sent_items_209%2E,19-11-2001 16.48
sent_items_208%2E,20-11-2001 8.00
sent_items_207%2E,20-11-2001 8.20
sent_items_206%2E,20-11-2001 8.36
sent_items_205%2E,20-11-2001 9.41
sent_items_204%2E,20-11-2001 10.14
sent_items_203%2E,20-11-2001 10.54
sent_items_202%2E,20-11-2001 12.09
sent_items_201%2E,20-11-2001 15.28
stuff_1%2E,21-11-2001 8.18
sent_items_200%2E,21-11-2001 8.49
sent_items_199%2E,21-11-2001 8.50
sent_items_198%2E,21-11-2001 9.09
sent_items_197%2E,21-11-2001 10.54
sent_items_196%2E,21-11-2001 11.06
sent_items_195%2E,26-11-2001 8.52
sent_items_194%2E,26-11-2001 9.11
sent_items_193%2E,26-11-2001 9.44
sent_items_192%2E,26-11-2001 10.06
sent_items_191%2E,26-11-2001 10.44
sent_items_190%2E,26-11-2001 11.30
sent_items_189%2E,26-11-2001 12.18
sent_items_188%2E,26-11-2001 13.12
sent_items_187%2E,26-11-2001 13.56
sent_items_186%2E,26-11-2001 13.58
sent_items_185%2E,26-11-2001 14.35
sent_items_184%2E,26-11-2001 15.02
sent_items_183%2E,26-11-2001 15.16
sent_items_182%2E,26-11-2001 16.12
sent_items_181%2E,27-11-2001 10.02
sent_items_180%2E,27-11-2001 10.23
sent_items_179%2E,27-11-2001 11.00
sent_items_178%2E,27-11-2001 12.42
sent_items_177%2E,27-11-2001 14.45
sent_items_176%2E,27-11-2001 14.57
calender_1%2E,27-11-2001 14.58
sent_items_175%2E,28-11-2001 7.16
sent_items_174%2E,28-11-2001 8.30
sent_items_173%2E,28-11-2001 8.52
sent_items_172%2E,28-11-2001 9.04
sent_items_171%2E,28-11-2001 12.40
sent_items_170%2E,29-11-2001 7.59
sent_items_169%2E,29-11-2001 8.00
sent_items_168%2E,29-11-2001 9.39
sent_items_167%2E,29-11-2001 9.40
sent_items_166%2E,29-11-2001 10.02
sent_items_165%2E,29-11-2001 11.01
sent_items_164%2E,30-11-2001 11.58
sent_items_163%2E,30-11-2001 12.29
sent_items_162%2E,30-11-2001 14.22
sent_items_161%2E,03-12-2001 7.57
sent_items_160%2E,03-12-2001 9.52
sent_items_159%2E,04-12-2001 10.48
sent_items_158%2E,04-12-2001 10.49
sent_items_157%2E,04-12-2001 11.48
sent_items_156%2E,04-12-2001 11.49
sent_items_155%2E,05-12-2001 7.06
sent_items_154%2E,05-12-2001 8.06
sent_items_153%2E,05-12-2001 8.20
sent_items_152%2E,05-12-2001 10.18
sent_items_151%2E,06-12-2001 7.35
sent_items_150%2E,06-12-2001 10.25
sent_items_149%2E,06-12-2001 10.46
sent_items_148%2E,07-12-2001 9.21
settlements_issue_1%2E,08-12-2001 16.10
sent_items_147%2E,10-12-2001 7.39
sent_items_146%2E,10-12-2001 8.05
sent_items_145%2E,11-12-2001 8.04
sent_items_144%2E,11-12-2001 8.30
sent_items_143%2E,11-12-2001 8.37
sent_items_142%2E,11-12-2001 8.40
sent_items_141%2E,11-12-2001 8.44
sent_items_140%2E,11-12-2001 12.10
sent_items_139%2E,11-12-2001 12.11
sent_items_138%2E,11-12-2001 14.24
sent_items_137%2E,12-12-2001 8.05
sent_items_136%2E,12-12-2001 10.52
sent_items_135%2E,12-12-2001 10.53
sent_items_134%2E,13-12-2001 8.46
sent_items_133%2E,13-12-2001 8.47
sent_items_132%2E,13-12-2001 11.13
sent_items_131%2E,13-12-2001 11.15
deleted_items_276%2E,13-12-2001 14.04
sent_items_130%2E,13-12-2001 14.12
sent_items_129%2E,14-12-2001 8.31
sent_items_128%2E,14-12-2001 8.47
sent_items_126%2E,14-12-2001 8.50
sent_items_124%2E,14-12-2001 8.52
sent_items_123%2E,14-12-2001 9.04
sent_items_122%2E,14-12-2001 9.14
sent_items_121%2E,14-12-2001 9.27
sent_items_120%2E,14-12-2001 10.12
sent_items_119%2E,14-12-2001 11.04
sent_items_118%2E,17-12-2001 7.55
sent_items_117%2E,17-12-2001 7.56
sent_items_116%2E,17-12-2001 8.49
sent_items_115%2E,17-12-2001 9.03
sent_items_114%2E,17-12-2001 10.07
sent_items_113%2E,17-12-2001 10.21
sent_items_112%2E,17-12-2001 10.39
sent_items_111%2E,17-12-2001 10.46
sent_items_110%2E,17-12-2001 11.24
sent_items_109%2E,17-12-2001 11.30
sent_items_108%2E,17-12-2001 12.37
sent_items_107%2E,17-12-2001 12.46
special_5%2E,18-12-2001 6.41
sent_items_106%2E,18-12-2001 7.44
sent_items_105%2E,18-12-2001 7.47
special_4%2E,19-12-2001 6.46
sent_items_104%2E,19-12-2001 7.46
sent_items_103%2E,19-12-2001 7.56
sent_items_102%2E,19-12-2001 8.20
sent_items_101%2E,19-12-2001 8.31
sent_items_100%2E,19-12-2001 9.01
special_3%2E,19-12-2001 9.20
sent_items_99%2E,19-12-2001 9.40
sent_items_98%2E,19-12-2001 10.15
sent_items_97%2E,19-12-2001 10.44
inbox_16%2E,19-12-2001 12.11
sent_items_96%2E,19-12-2001 12.39
deleted_items_275%2E,19-12-2001 16.58
sent_items_95%2E,20-12-2001 7.43
sent_items_94%2E,20-12-2001 7.57
sent_items_93%2E,20-12-2001 10.05
sent_items_92%2E,20-12-2001 10.39
sent_items_91%2E,20-12-2001 10.49
sent_items_90%2E,20-12-2001 11.08
sent_items_89%2E,20-12-2001 11.11
sent_items_88%2E,20-12-2001 11.14
deleted_items_274%2E,20-12-2001 12.37
deleted_items_273%2E,20-12-2001 13.52
deleted_items_272%2E,20-12-2001 15.55
deleted_items_271%2E,20-12-2001 16.37
deleted_items_270%2E,21-12-2001 16.24
deleted_items_269%2E,25-12-2001 16.42
deleted_items_268%2E,27-12-2001 15.37
deleted_items_267%2E,28-12-2001 12.15
deleted_items_265%2E,28-12-2001 13.17
deleted_items_266%2E,28-12-2001 14.00
deleted_items_264%2E,31-12-2001 11.52
deleted_items_263%2E,31-12-2001 15.40
deleted_items_262%2E,02-01-2002 8.21
deleted_items_261%2E,02-01-2002 14.01
deleted_items_260%2E,02-01-2002 14.04
deleted_items_259%2E,02-01-2002 14.57
deleted_items_258%2E,02-01-2002 16.05
deleted_items_257%2E,03-01-2002 1.52
deleted_items_256%2E,03-01-2002 8.27
deleted_items_255%2E,03-01-2002 9.49
deleted_items_254%2E,03-01-2002 13.27
deleted_items_253%2E,03-01-2002 14.51
deleted_items_252%2E,03-01-2002 15.35
deleted_items_251%2E,03-01-2002 16.32
deleted_items_250%2E,04-01-2002 9.19
deleted_items_249%2E,04-01-2002 9.44
deleted_items_247%2E,04-01-2002 14.34
deleted_items_246%2E,04-01-2002 14.45
deleted_items_245%2E,04-01-2002 14.49
deleted_items_244%2E,04-01-2002 16.25
deleted_items_241%2E,06-01-2002 15.59
deleted_items_243%2E,07-01-2002 12.38
deleted_items_242%2E,07-01-2002 15.25
sent_items_87%2E,08-01-2002 9.39
deleted_items_240%2E,08-01-2002 9.40
sent_items_86%2E,08-01-2002 9.45
sent_items_85%2E,08-01-2002 9.47
sent_items_84%2E,08-01-2002 9.51
deleted_items_239%2E,08-01-2002 10.14
deleted_items_238%2E,08-01-2002 13.10
deleted_items_237%2E,08-01-2002 15.26
deleted_items_236%2E,09-01-2002 7.54
deleted_items_235%2E,09-01-2002 8.25
deleted_items_234%2E,09-01-2002 8.29
deleted_items_233%2E,09-01-2002 9.54
deleted_items_232%2E,10-01-2002 8.45
deleted_items_230%2E,10-01-2002 14.19
inbox_15%2E,10-01-2002 14.23
deleted_items_229%2E,10-01-2002 14.47
deleted_items_228%2E,11-01-2002 6.40
deleted_items_227%2E,11-01-2002 9.11
deleted_items_226%2E,11-01-2002 10.09
deleted_items_225%2E,11-01-2002 10.39
deleted_items_224%2E,11-01-2002 11.31
deleted_items_223%2E,11-01-2002 11.41
deleted_items_222%2E,12-01-2002 22.33
deleted_items_221%2E,14-01-2002 8.09
deleted_items_219%2E,14-01-2002 13.48
deleted_items_218%2E,14-01-2002 14.02
deleted_items_217%2E,14-01-2002 15.12
sent_items_83%2E,15-01-2002 10.21
sent_items_82%2E,15-01-2002 10.23
deleted_items_216%2E,15-01-2002 10.29
deleted_items_215%2E,15-01-2002 17.12
deleted_items_214%2E,15-01-2002 22.44
deleted_items_213%2E,16-01-2002 2.47
deleted_items_211%2E,16-01-2002 5.29
deleted_items_212%2E,16-01-2002 6.45
deleted_items_209%2E,16-01-2002 9.29
deleted_items_208%2E,16-01-2002 10.38
deleted_items_207%2E,16-01-2002 14.46
deleted_items_206%2E,16-01-2002 16.15
deleted_items_210%2E,16-01-2002 17.06
deleted_items_205%2E,17-01-2002 3.03
deleted_items_198%2E,17-01-2002 14.35
deleted_items_204%2E,17-01-2002 21.03
deleted_items_201%2E,17-01-2002 21.03
deleted_items_202%2E,17-01-2002 21.05
deleted_items_203%2E,17-01-2002 21.06
deleted_items_200%2E,17-01-2002 21.06
deleted_items_199%2E,17-01-2002 21.06
deleted_items_197%2E,18-01-2002 1.05
deleted_items_196%2E,18-01-2002 12.17
deleted_items_195%2E,18-01-2002 13.30
deleted_items_194%2E,19-01-2002 1.06
deleted_items_193%2E,19-01-2002 1.06
deleted_items_192%2E,19-01-2002 1.06
deleted_items_189%2E,19-01-2002 1.06
deleted_items_191%2E,19-01-2002 1.06
deleted_items_190%2E,19-01-2002 1.06
deleted_items_188%2E,19-01-2002 1.06
deleted_items_187%2E,19-01-2002 3.29
deleted_items_186%2E,19-01-2002 20.39
deleted_items_185%2E,20-01-2002 4.45
deleted_items_184%2E,20-01-2002 11.50
deleted_items_183%2E,20-01-2002 22.15
deleted_items_182%2E,21-01-2002 7.09
deleted_items_181%2E,21-01-2002 7.10
deleted_items_180%2E,21-01-2002 15.34
deleted_items_179%2E,22-01-2002 1.05
deleted_items_177%2E,22-01-2002 1.06
deleted_items_178%2E,22-01-2002 1.06
deleted_items_175%2E,22-01-2002 1.06
deleted_items_176%2E,22-01-2002 1.06
deleted_items_173%2E,22-01-2002 1.06
deleted_items_174%2E,22-01-2002 1.06
deleted_items_172%2E,22-01-2002 3.20
sent_items_81%2E,22-01-2002 7.25
sent_items_80%2E,22-01-2002 7.37
sent_items_79%2E,22-01-2002 7.51
sent_items_78%2E,22-01-2002 8.04
deleted_items_171%2E,22-01-2002 8.22
deleted_items_170%2E,22-01-2002 8.28
sent_items_77%2E,22-01-2002 10.02
deleted_items_169%2E,22-01-2002 10.29
deleted_items_168%2E,22-01-2002 13.04
deleted_items_167%2E,22-01-2002 13.41
deleted_items_163%2E,22-01-2002 14.38
deleted_items_166%2E,22-01-2002 15.14
deleted_items_165%2E,22-01-2002 16.18
deleted_items_164%2E,22-01-2002 19.56
deleted_items_162%2E,23-01-2002 6.36
deleted_items_161%2E,23-01-2002 8.14
sent_items_76%2E,23-01-2002 8.16
sent_items_75%2E,23-01-2002 8.17
deleted_items_160%2E,23-01-2002 8.21
sent_items_74%2E,23-01-2002 8.53
sent_items_73%2E,23-01-2002 9.40
deleted_items_159%2E,23-01-2002 9.43
sent_items_72%2E,23-01-2002 9.43
sent_items_71%2E,23-01-2002 9.44
deleted_items_158%2E,23-01-2002 10.25
deleted_items_157%2E,23-01-2002 10.44
deleted_items_156%2E,23-01-2002 12.51
deleted_items_155%2E,23-01-2002 13.02
deleted_items_154%2E,23-01-2002 15.39
deleted_items_153%2E,23-01-2002 18.10
deleted_items_152%2E,24-01-2002 6.26
sent_items_70%2E,24-01-2002 7.47
sent_items_69%2E,24-01-2002 7.51
deleted_items_151%2E,24-01-2002 7.56
sent_items_68%2E,24-01-2002 8.33
deleted_items_150%2E,24-01-2002 8.35
deleted_items_149%2E,24-01-2002 11.58
deleted_items_148%2E,24-01-2002 12.27
deleted_items_147%2E,25-01-2002 8.15
sent_items_67%2E,25-01-2002 8.51
sent_items_66%2E,25-01-2002 9.05
deleted_items_146%2E,25-01-2002 9.56
deleted_items_145%2E,25-01-2002 10.47
deleted_items_144%2E,25-01-2002 11.51
deleted_items_143%2E,25-01-2002 14.00
deleted_items_142%2E,25-01-2002 14.18
deleted_items_140%2E,25-01-2002 19.09
deleted_items_141%2E,25-01-2002 19.33
deleted_items_123%2E,25-01-2002 23.54
deleted_items_128%2E,26-01-2002 0.02
deleted_items_134%2E,26-01-2002 0.39
deleted_items_133%2E,27-01-2002 4.14
deleted_items_132%2E,28-01-2002 6.18
sent_items_65%2E,28-01-2002 7.08
sent_items_64%2E,28-01-2002 7.11
deleted_items_122%2E,28-01-2002 7.39
deleted_items_121%2E,28-01-2002 7.48
sent_items_63%2E,28-01-2002 7.50
sent_items_62%2E,28-01-2002 7.51
deleted_items_120%2E,28-01-2002 8.38
deleted_items_119%2E,28-01-2002 9.21
deleted_items_118%2E,28-01-2002 9.40
sent_items_61%2E,28-01-2002 9.45
deleted_items_117%2E,28-01-2002 13.25
deleted_items_116%2E,28-01-2002 15.42
deleted_items_115%2E,29-01-2002 6.45
deleted_items_114%2E,29-01-2002 7.25
sent_items_60%2E,29-01-2002 7.56
sent_items_59%2E,29-01-2002 7.59
sent_items_58%2E,29-01-2002 8.19
deleted_items_113%2E,29-01-2002 8.31
deleted_items_111%2E,29-01-2002 8.51
deleted_items_112%2E,29-01-2002 8.57
sent_items_57%2E,29-01-2002 9.04
sent_items_56%2E,29-01-2002 9.08
sent_items_55%2E,29-01-2002 9.54
sent_items_54%2E,29-01-2002 10.02
deleted_items_110%2E,29-01-2002 12.22
deleted_items_109%2E,29-01-2002 13.22
deleted_items_108%2E,29-01-2002 14.10
deleted_items_107%2E,29-01-2002 14.13
deleted_items_106%2E,29-01-2002 14.40
deleted_items_105%2E,29-01-2002 14.45
deleted_items_104%2E,29-01-2002 17.04
deleted_items_103%2E,30-01-2002 6.09
sent_items_53%2E,30-01-2002 7.13
deleted_items_102%2E,30-01-2002 7.23
sent_items_52%2E,30-01-2002 7.39
sent_items_51%2E,30-01-2002 7.48
sent_items_50%2E,30-01-2002 7.58
sent_items_49%2E,30-01-2002 8.00
deleted_items_101%2E,30-01-2002 8.29
deleted_items_98%2E,30-01-2002 8.48
sent_items_48%2E,30-01-2002 9.29
deleted_items_97%2E,30-01-2002 9.43
deleted_items_96%2E,30-01-2002 11.31
special_2%2E,30-01-2002 12.11
deleted_items_95%2E,30-01-2002 13.46
deleted_items_93%2E,30-01-2002 15.44
deleted_items_100%2E,30-01-2002 16.32
deleted_items_99%2E,30-01-2002 16.32
deleted_items_92%2E,30-01-2002 17.24
deleted_items_94%2E,30-01-2002 23.05
deleted_items_90%2E,31-01-2002 7.08
deleted_items_89%2E,31-01-2002 7.14
deleted_items_83%2E,31-01-2002 7.22
deleted_items_84%2E,31-01-2002 7.24
deleted_items_79%2E,31-01-2002 7.32
deleted_items_82%2E,31-01-2002 7.35
deleted_items_80%2E,31-01-2002 7.40
sent_items_47%2E,31-01-2002 7.51
deleted_items_78%2E,31-01-2002 8.02
sent_items_46%2E,31-01-2002 8.23
special_1%2E,31-01-2002 8.32
deleted_items_77%2E,31-01-2002 8.55
deleted_items_76%2E,31-01-2002 9.04
deleted_items_75%2E,31-01-2002 9.34
deleted_items_74%2E,31-01-2002 9.58
deleted_items_72%2E,31-01-2002 10.26
sent_items_45%2E,31-01-2002 11.17
sent_items_44%2E,31-01-2002 11.24
sent_items_43%2E,31-01-2002 11.29
sent_items_42%2E,31-01-2002 11.41
deleted_items_71%2E,31-01-2002 12.01
sent_items_41%2E,31-01-2002 12.52
sent_items_40%2E,31-01-2002 13.08
deleted_items_69%2E,31-01-2002 13.22
deleted_items_70%2E,31-01-2002 13.25
sent_items_39%2E,31-01-2002 13.27
deleted_items_68%2E,31-01-2002 13.50
deleted_items_91%2E,31-01-2002 13.56
deleted_items_67%2E,31-01-2002 14.54
deleted_items_88%2E,31-01-2002 15.10
deleted_items_87%2E,31-01-2002 15.11
deleted_items_66%2E,31-01-2002 15.14
deleted_items_86%2E,31-01-2002 15.16
deleted_items_85%2E,31-01-2002 15.16
deleted_items_65%2E,31-01-2002 17.17
deleted_items_73%2E,31-01-2002 18.07
deleted_items_64%2E,31-01-2002 21.46
deleted_items_63%2E,01-02-2002 7.02
sent_items_38%2E,01-02-2002 7.13
sent_items_37%2E,01-02-2002 7.15
sent_items_36%2E,01-02-2002 7.18
deleted_items_62%2E,01-02-2002 7.20
deleted_items_61%2E,01-02-2002 7.28
deleted_items_60%2E,01-02-2002 7.40
deleted_items_59%2E,01-02-2002 7.43
sent_items_35%2E,01-02-2002 7.43
sent_items_34%2E,01-02-2002 7.47
sent_items_33%2E,01-02-2002 7.57
sent_items_32%2E,01-02-2002 8.01
sent_items_31%2E,01-02-2002 8.08
sent_items_30%2E,01-02-2002 8.30
deleted_items_58%2E,01-02-2002 8.48
deleted_items_57%2E,01-02-2002 8.50
deleted_items_56%2E,01-02-2002 8.51
deleted_items_55%2E,01-02-2002 8.54
deleted_items_54%2E,01-02-2002 9.02
deleted_items_53%2E,01-02-2002 9.05
sent_items_29%2E,01-02-2002 9.11
sent_items_28%2E,01-02-2002 9.14
sent_items_27%2E,01-02-2002 9.14
sent_items_26%2E,01-02-2002 9.15
deleted_items_52%2E,01-02-2002 9.20
deleted_items_51%2E,01-02-2002 10.13
deleted_items_50%2E,01-02-2002 10.27
deleted_items_49%2E,01-02-2002 10.56
sent_items_25%2E,01-02-2002 11.04
sent_items_24%2E,01-02-2002 11.04
deleted_items_46%2E,01-02-2002 11.25
deleted_items_45%2E,01-02-2002 11.27
deleted_items_44%2E,01-02-2002 11.29
sent_items_23%2E,01-02-2002 11.32
sent_items_22%2E,01-02-2002 11.35
deleted_items_43%2E,01-02-2002 11.35
deleted_items_42%2E,01-02-2002 12.20
deleted_items_41%2E,01-02-2002 12.59
deleted_items_40%2E,01-02-2002 13.05
deleted_items_39%2E,01-02-2002 13.09
deleted_items_38%2E,01-02-2002 14.37
sent_items_21%2E,04-02-2002 7.20
sent_items_20%2E,04-02-2002 7.21
deleted_items_37%2E,04-02-2002 7.23
sent_items_19%2E,04-02-2002 7.29
deleted_items_36%2E,04-02-2002 7.40
deleted_items_34%2E,04-02-2002 7.45
deleted_items_31%2E,04-02-2002 7.55
deleted_items_30%2E,04-02-2002 8.00
sent_items_18%2E,04-02-2002 8.11
deleted_items_29%2E,04-02-2002 8.16
sent_items_17%2E,04-02-2002 8.16
deleted_items_28%2E,04-02-2002 8.17
sent_items_16%2E,04-02-2002 8.17
sent_items_15%2E,04-02-2002 8.18
deleted_items_27%2E,04-02-2002 8.31
deleted_items_26%2E,04-02-2002 8.47
sent_items_14%2E,04-02-2002 8.48
deleted_items_25%2E,04-02-2002 8.50
deleted_items_24%2E,04-02-2002 8.55
deleted_items_23%2E,04-02-2002 9.12
sent_items_13%2E,04-02-2002 9.13
deleted_items_22%2E,04-02-2002 9.18
deleted_items_21%2E,04-02-2002 10.54
deleted_items_20%2E,04-02-2002 11.04
deleted_items_19%2E,04-02-2002 13.43
deleted_items_18%2E,04-02-2002 15.40
deleted_items_17%2E,04-02-2002 16.17
deleted_items_16%2E,04-02-2002 16.56
deleted_items_15%2E,04-02-2002 17.10
deleted_items_14%2E,04-02-2002 18.51
deleted_items_13%2E,05-02-2002 8.18
deleted_items_12%2E,05-02-2002 9.06
sent_items_12%2E,05-02-2002 9.25
sent_items_11%2E,05-02-2002 9.27
deleted_items_11%2E,05-02-2002 9.44
sent_items_10%2E,05-02-2002 11.02
deleted_items_10%2E,05-02-2002 11.03
sent_items_9%2E,05-02-2002 11.10
deleted_items_9%2E,05-02-2002 11.45
sent_items_8%2E,05-02-2002 12.01
deleted_items_8%2E,05-02-2002 16.23
deleted_items_7%2E,05-02-2002 16.40
deleted_items_6%2E,06-02-2002 7.05
sent_items_7%2E,06-02-2002 7.50
sent_items_6%2E,06-02-2002 7.59
deleted_items_5%2E,06-02-2002 8.36
sent_items_5%2E,06-02-2002 8.50
sent_items_4%2E,06-02-2002 9.19
deleted_items_4%2E,06-02-2002 9.45
sent_items_3%2E,06-02-2002 10.23
deleted_items_3%2E,06-02-2002 10.29
deleted_items_2%2E,06-02-2002 10.33
sent_items_2%2E,06-02-2002 10.39
deleted_items_1%2E,06-02-2002 10.59
sent_items_1%2E,06-02-2002 11.32
inbox_14%2E,06-02-2002 11.33
inbox_13%2E,06-02-2002 11.56
inbox_11%2E,06-02-2002 12.25
inbox_12%2E,06-02-2002 12.51
inbox_10%2E,06-02-2002 13.42
inbox_9%2E,06-02-2002 14.09
inbox_8%2E,06-02-2002 14.48
inbox_7%2E,06-02-2002 15.19
inbox_6%2E,06-02-2002 15.58
inbox_5%2E,06-02-2002 16.32
inbox_4%2E,06-02-2002 16.35
inbox_3%2E,06-02-2002 18.39
inbox_2%2E,06-02-2002 19.24
inbox_1%2E,07-02-2002 6.57
deleted_items_220%2E,14-02-2002 19.04